n_opt,type,iteration,Energy (mRy),Energy (eV),Energy (eV/atom)
1,initial,0,-950725.80875306,-12935.29391652254,-62.18891306020452
1,initial,1,-950725.80827849,-12935.293910065682,-62.18891302916193
1,initial,2,-950725.80808686,-12935.293907458421,-62.188913016627026
1,initial,3,-950725.80827398,-12935.293910004322,-62.188913028866935
1,initial,4,-950725.80823878,-12935.2939095254,-62.18891302656443
1,initial,5,-950725.80823717,-12935.293909503493,-62.1889130264591
1,initial,6,-950725.80826447,-12935.293909874928,-62.18891302824485
1,initial,7,-950725.80824292,-12935.293909581726,-62.188913026835216
1,initial,8,-950725.80824546,-12935.293909616286,-62.18891302700138
