n_opt,type,iteration,Energy (mRy),Energy (eV),Energy (eV/atom)
1,initial,0,-950725.63779981,-12935.291590583227,-62.18890187780398
1,initial,1,-950725.63723692,-12935.291582924712,-62.188901840984194
1,initial,2,-950725.63717079,-12935.291582024967,-62.188901836658495
1,initial,3,-950725.63725923,-12935.291583228256,-62.18890184244354
1,initial,4,-950725.63726398,-12935.291583292883,-62.18890184275425
1,initial,5,-950725.63726041,-12935.29158324431,-62.18890184252072
1,initial,6,-950725.6372814,-12935.291583529895,-62.18890184389373
1,initial,7,-950725.63725934,-12935.291583229755,-62.18890184245075
1,initial,8,-950725.63726298,-12935.291583279279,-62.18890184268884
