n_opt,type,iteration,Energy (mRy),Energy (eV),Energy (eV/atom)
1,initial,0,-950725.79462379,-12935.293724283876,-62.188912135980175
1,initial,1,-950725.79416613,-12935.29371805709,-62.1889121060437
1,initial,2,-950725.79402447,-12935.293716129705,-62.18891209677743
1,initial,3,-950725.7942021,-12935.293718546487,-62.18891210839657
1,initial,4,-950725.79417541,-12935.29371818335,-62.18891210665072
1,initial,5,-950725.7941682,-12935.293718085253,-62.1889121061791
1,initial,6,-950725.79419802,-12935.293718490975,-62.188912108129685
1,initial,7,-950725.79417716,-12935.29371820716,-62.188912106765194
1,initial,8,-950725.7941782,-12935.29371822131,-62.18891210683322
