n_opt,type,iteration,Energy (mRy),Energy (eV),Energy (eV/atom)
1,initial,0,-950724.22608793,-12935.272383249288,-62.188809534852346
1,initial,1,-950724.22601595,-12935.272382269948,-62.188809530143985
1,initial,2,-950724.22461345,-12935.27236318795,-62.18880943840361
1,initial,3,-950724.22558717,-12935.272376436096,-62.18880950209662
1,initial,4,-950724.22551943,-12935.272375514445,-62.1888094976656
1,initial,5,-950724.2255837,-12935.272376388884,-62.188809501869635
1,initial,6,-950724.22562256,-12935.272376917603,-62.18880950441155
1,initial,7,-950724.22558607,-12935.27237642113,-62.18880950202466
1,initial,8,-950724.22559008,-12935.27237647569,-62.18880950228697
