n_opt,type,iteration,Energy (mRy),Energy (eV),Energy (eV/atom)
1,initial,0,-950725.78879151,-12935.293644931602,-62.18891175447886
1,initial,1,-950725.78838705,-12935.293639428637,-62.18891172802229
1,initial,2,-950725.78825896,-12935.293637685883,-62.18891171964367
1,initial,3,-950725.78843511,-12935.29364008253,-62.18891173116601
1,initial,4,-950725.78841058,-12935.29363974878,-62.18891172956144
1,initial,5,-950725.78840413,-12935.293639661024,-62.18891172913954
1,initial,6,-950725.78843076,-12935.293640023343,-62.18891173088146
1,initial,7,-950725.78840796,-12935.293639713133,-62.18891172939006
1,initial,8,-950725.78841094,-12935.293639753678,-62.18891172958499
