n_opt,type,iteration,Energy (mRy),Energy (eV),Energy (eV/atom)
1,initial,0,-950725.61201914,-12935.291239819066,-62.18890019143782
1,initial,1,-950725.61144524,-12935.29123201075,-62.18890015389783
1,initial,2,-950725.61137757,-12935.291231090052,-62.1889001494714
1,initial,3,-950725.61146835,-12935.291232325178,-62.18890015540951
1,initial,4,-950725.61147402,-12935.291232402324,-62.1889001557804
1,initial,5,-950725.61146846,-12935.291232326674,-62.188900155416704
1,initial,6,-950725.61149097,-12935.291232632939,-62.188900156889126
1,initial,7,-950725.61147088,-12935.2912323596,-62.188900155575
1,initial,8,-950725.61147216,-12935.291232377014,-62.18890015565872
