n_opt,type,iteration,Energy (mRy),Energy (eV),Energy (eV/atom)
5,initial,0,-958044.05546945,-13034.863814971271,-62.66761449505419
5,initial,1,-958044.05589837,-13034.86382080703,-62.66761452311072
5,initial,2,-958044.03829731,-13034.86358133222,-62.66761337178952
5,initial,3,-958044.05575636,-13034.863818874885,-62.66761451382156
5,initial,4,-958044.05593911,-13034.863821361327,-62.66761452577561
5,initial,5,-958044.05594208,-13034.863821401736,-62.66761452596988
5,initial,6,-958044.05594638,-13034.863821460242,-62.667614526251164
5,initial,7,-958044.0559431,-13034.863821415614,-62.66761452603661
5,initial,8,-958044.05594249,-13034.863821407314,-62.667614525996704
