n_opt,type,iteration,Energy (mRy),Energy (eV),Energy (eV/atom)
1,initial,0,-950723.58182669,-12935.263617621575,-62.188767392411414
1,initial,1,-950723.58159199,-12935.263614428315,-62.18876737705921
1,initial,2,-950723.58015654,-12935.263594898008,-62.1887672831635
1,initial,3,-950723.58108815,-12935.263607573217,-62.188767344102004
1,initial,4,-950723.58098766,-12935.26360620598,-62.188767337528745
1,initial,5,-950723.58100549,-12935.26360644857,-62.18876733869505
1,initial,6,-950723.58108957,-12935.263607592537,-62.188767344194886
1,initial,7,-950723.5810785,-12935.263607441922,-62.18876734347078
1,initial,8,-950723.58107256,-12935.263607361105,-62.18876734308223
