n_opt,type,iteration,Energy (mRy),Energy (eV),Energy (eV/atom)
1,initial,0,-950725.78180799,-12935.293549915896,-62.188911297672576
1,initial,1,-950725.78142003,-12935.293544637427,-62.18891127229532
1,initial,2,-950725.78128907,-12935.293542855625,-62.18891126372897
1,initial,3,-950725.78145859,-12935.293545162061,-62.188911274817606
1,initial,4,-950725.78144291,-12935.293544948725,-62.188911273791945
1,initial,5,-950725.7814362,-12935.293544857432,-62.188911273353035
1,initial,6,-950725.78146255,-12935.293545215942,-62.18891127507664
1,initial,7,-950725.78144154,-12935.293544930086,-62.18891127370234
1,initial,8,-950725.78144055,-12935.293544916614,-62.18891127363757
