n_opt,type,iteration,Energy (mRy),Energy (eV),Energy (eV/atom)
1,initial,0,-950723.60720177,-12935.2639628674,-62.18876905224712
1,initial,1,-950723.60695012,-12935.263959443524,-62.18876903578617
1,initial,2,-950723.60539757,-12935.26393831999,-62.188768934230716
1,initial,3,-950723.60641629,-12935.263952180392,-62.18876900086727
1,initial,4,-950723.6063115,-12935.26395075465,-62.18876899401274
1,initial,5,-950723.60632491,-12935.263950937102,-62.18876899488991
1,initial,6,-950723.60641868,-12935.26395221291,-62.18876900102361
1,initial,7,-950723.60640727,-12935.263952057669,-62.188769000277254
1,initial,8,-950723.6063996,-12935.263951953315,-62.188768999775554
