n_opt,type,iteration,Energy (mRy),Energy (eV),Energy (eV/atom)
1,initial,0,-950725.58617366,-12935.290888173113,-62.18889850083227
1,initial,1,-950725.58563257,-12935.290880811202,-62.18889846543847
1,initial,2,-950725.58563605,-12935.29088085855,-62.18889846566611
1,initial,3,-950725.58566998,-12935.290881320194,-62.18889846788555
1,initial,4,-950725.5857066,-12935.290881818433,-62.18889847028093
1,initial,5,-950725.58569947,-12935.290881721425,-62.18889846981454
1,initial,6,-950725.58570515,-12935.290881798705,-62.18889847018608
1,initial,7,-950725.58569193,-12935.29088161884,-62.188898469321344
1,initial,8,-950725.58569943,-12935.29088172088,-62.188898469811924
