n_opt,type,iteration,Energy (mRy),Energy (eV),Energy (eV/atom)
1,initial,0,-950725.83575191,-12935.294283860901,-62.18891482625433
1,initial,1,-950725.83556106,-12935.294281264252,-62.188914813770445
1,initial,2,-950725.8355753,-12935.294281458,-62.188914814701924
1,initial,3,-950725.83569364,-12935.294283068099,-62.18891482244278
1,initial,4,-950725.83569625,-12935.294283103607,-62.1889148226135
1,initial,5,-950725.83568364,-12935.29428293204,-62.18891482178866
1,initial,6,-950725.83569853,-12935.294283134628,-62.188914822762634
1,initial,7,-950725.83568644,-12935.294282970137,-62.188914821971814
1,initial,8,-950725.83569421,-12935.294283075853,-62.188914822480065
