n_opt,type,iteration,Energy (mRy),Energy (eV),Energy (eV/atom)
1,initial,0,-950723.71366345,-12935.265411353503,-62.18877601612261
1,initial,1,-950723.71340557,-12935.265407844865,-62.18877599925416
1,initial,2,-950723.71188376,-12935.265387139569,-62.18877589970946
1,initial,3,-950723.71287668,-12935.265400648945,-62.18877596465839
1,initial,4,-950723.71283952,-12935.265400143355,-62.188775962227666
1,initial,5,-950723.71284363,-12935.265400199276,-62.18877596249652
1,initial,6,-950723.71292747,-12935.265401339979,-62.18877596798067
1,initial,7,-950723.71290814,-12935.26540107698,-62.18877596671625
1,initial,8,-950723.71290505,-12935.265401034938,-62.18877596651412
