n_opt,type,iteration,Energy (mRy),Energy (eV),Energy (eV/atom)
1,initial,0,-950725.49425852,-12935.289637602928,-62.18889248847562
1,initial,1,-950725.49460959,-12935.289642379483,-62.18889251143982
1,initial,2,-950725.49453357,-12935.289641345176,-62.18889250646719
1,initial,3,-950725.49466819,-12935.289643176777,-62.18889251527297
1,initial,4,-950725.49464462,-12935.289642856089,-62.1888925137312
1,initial,5,-950725.49463377,-12935.289642708467,-62.18889251302148
1,initial,6,-950725.4946552,-12935.289643000038,-62.18889251442326
1,initial,7,-950725.49463821,-12935.28964276888,-62.18889251331192
1,initial,8,-950725.4946419,-12935.289642819082,-62.18889251355328
