n_opt,type,iteration,Energy (mRy),Energy (eV),Energy (eV/atom)
1,initial,0,-950723.58537176,-12935.263665854747,-62.18876762430167
1,initial,1,-950723.58512597,-12935.2636625106,-62.18876760822404
1,initial,2,-950723.58366807,-12935.263642674845,-62.18876751285983
1,initial,3,-950723.58461981,-12935.263655623938,-62.18876757511509
1,initial,4,-950723.58453889,-12935.263654522965,-62.18876756982195
1,initial,5,-950723.58454222,-12935.263654568273,-62.18876757003977
1,initial,6,-950723.58462731,-12935.26365572598,-62.18876757560567
1,initial,7,-950723.58462056,-12935.263655634142,-62.18876757516414
1,initial,8,-950723.58461237,-12935.26365552271,-62.188767574628415
