n_opt,type,iteration,Energy (mRy),Energy (eV),Energy (eV/atom)
1,initial,0,-950725.34567884,-12935.287616071782,-62.188882769575876
1,initial,1,-950725.34563347,-12935.287615454494,-62.188882766608145
1,initial,2,-950725.34540149,-12935.287612298243,-62.188882751433866
1,initial,3,-950725.34571323,-12935.287616539685,-62.188882771825405
1,initial,4,-950725.34553014,-12935.287614048617,-62.18888275984912
1,initial,5,-950725.34563748,-12935.287615509054,-62.18888276687046
1,initial,6,-950725.34560672,-12935.287615090541,-62.18888276485837
1,initial,7,-950725.34559394,-12935.28761491666,-62.18888276402241
1,initial,8,-950725.34560065,-12935.287615007954,-62.18888276446132
