n_opt,type,iteration,Energy (mRy),Energy (eV),Energy (eV/atom)
1,initial,0,-950725.29413312,-12935.286914755978,-62.18887939786528
1,initial,1,-950725.29348907,-12935.286905993224,-62.18887935573665
1,initial,2,-950725.29339653,-12935.286904734152,-62.188879349683425
1,initial,3,-950725.2934107,-12935.286904926945,-62.188879350610314
1,initial,4,-950725.29347909,-12935.286905857438,-62.188879355083834
1,initial,5,-950725.29344502,-12935.28690539389,-62.18887935285524
1,initial,6,-950725.29343025,-12935.286905192936,-62.18887935188911
1,initial,7,-950725.29344492,-12935.286905392531,-62.18887935284871
1,initial,8,-950725.29343677,-12935.286905281644,-62.188879352315595
