n_opt,type,iteration,Energy (mRy),Energy (eV),Energy (eV/atom)
1,initial,0,-950725.80575469,-12935.293875727604,-62.18891286407502
1,initial,1,-950725.80526044,-12935.293869002986,-62.18891283174513
1,initial,2,-950725.80507248,-12935.293866445658,-62.18891281945028
1,initial,3,-950725.80524376,-12935.293868776043,-62.188912830654054
1,initial,4,-950725.80520807,-12935.293868290457,-62.1889128283195
1,initial,5,-950725.80520241,-12935.293868213448,-62.18891282794927
1,initial,6,-950725.80523181,-12935.293868613455,-62.18891282987238
1,initial,7,-950725.80521213,-12935.293868345694,-62.18891282858507
1,initial,8,-950725.80521033,-12935.293868321207,-62.18891282846734
