n_opt,type,iteration,Energy (mRy),Energy (eV),Energy (eV/atom)
1,initial,0,-950725.7554222,-12935.293190918646,-62.18890957172426
1,initial,1,-950725.75516921,-12935.29318747654,-62.18890955517567
1,initial,2,-950725.75510523,-12935.293186606048,-62.188909550990616
1,initial,3,-950725.75526995,-12935.29318884718,-62.188909561765286
1,initial,4,-950725.75525114,-12935.293188591255,-62.18890956053488
1,initial,5,-950725.75524129,-12935.293188457239,-62.188909559890575
1,initial,6,-950725.75526351,-12935.293188759559,-62.18890956134403
1,initial,7,-950725.75524726,-12935.293188538466,-62.18890956028109
1,initial,8,-950725.75525283,-12935.293188614249,-62.18890956064543
