n_opt,type,iteration,Energy (mRy),Energy (eV),Energy (eV/atom)
1,initial,0,-950723.99010302,-12935.269172508459,-62.18879409859836
1,initial,1,-950723.99012648,-12935.26917282765,-62.18879410013293
1,initial,2,-950723.98980182,-12935.269168410423,-62.188794078896265
1,initial,3,-950723.99007236,-12935.26917209131,-62.18879409659284
1,initial,4,-950723.99016556,-12935.269173359362,-62.18879410268924
1,initial,5,-950723.98997862,-12935.269170815911,-62.18879409046111
1,initial,6,-950723.99005968,-12935.26917191879,-62.18879409576341
1,initial,7,-950723.99005062,-12935.269171795522,-62.18879409517078
1,initial,8,-950723.99004271,-12935.2691716879,-62.18879409465337
