n_opt,type,iteration,Energy (mRy),Energy (eV),Energy (eV/atom)
1,initial,0,-950723.57391806,-12935.263510019096,-62.18876687509181
1,initial,1,-950723.57365699,-12935.263506467054,-62.18876685801468
1,initial,2,-950723.57215949,-12935.263486092512,-62.188766760060155
1,initial,3,-950723.5731473,-12935.263499532364,-62.18876682467483
1,initial,4,-950723.57305369,-12935.263498258731,-62.18876681855159
1,initial,5,-950723.57305397,-12935.263498262544,-62.188766818569924
1,initial,6,-950723.57314366,-12935.263499482839,-62.188766824436726
1,initial,7,-950723.57313515,-12935.263499367053,-62.18876682388006
1,initial,8,-950723.57312588,-12935.263499240928,-62.18876682327369
