n_opt,type,iteration,Energy (mRy),Energy (eV),Energy (eV/atom)
1,initial,0,-950725.36993858,-12935.287946142626,-62.18888435645493
1,initial,1,-950725.36989586,-12935.287945561391,-62.188884353660534
1,initial,2,-950725.36966277,-12935.287942390036,-62.18888433841364
1,initial,3,-950725.36997204,-12935.287946597873,-62.18888435864362
1,initial,4,-950725.36978935,-12935.287944112246,-62.18888434669349
1,initial,5,-950725.36989712,-12935.287945578533,-62.18888435374295
1,initial,6,-950725.36986848,-12935.287945188868,-62.188884351869554
1,initial,7,-950725.3698575,-12935.287945039476,-62.18888435115132
1,initial,8,-950725.36986081,-12935.28794508451,-62.18888435136784
