n_opt,type,iteration,Energy (mRy),Energy (eV),Energy (eV/atom)
1,initial,0,-950725.48272081,-12935.28948062426,-62.18889173377048
1,initial,1,-950725.48297549,-12935.289484089362,-62.188891750429626
1,initial,2,-950725.48280973,-12935.28948183408,-62.18889173958692
1,initial,3,-950725.48301248,-12935.289484592635,-62.18889175284921
1,initial,4,-950725.48295989,-12935.289483877114,-62.1888917494092
1,initial,5,-950725.48294369,-12935.289483656701,-62.188891748349526
1,initial,6,-950725.48297351,-12935.289484062421,-62.1888917503001
1,initial,7,-950725.48295743,-12935.28948384364,-62.18889174924827
1,initial,8,-950725.48296027,-12935.289483882283,-62.188891749434056
