n_opt,type,iteration,Energy (mRy),Energy (eV),Energy (eV/atom)
1,initial,0,-950725.686342,-12935.292251033894,-62.18890505304757
1,initial,1,-950725.68604833,-12935.29224703831,-62.188905033838026
1,initial,2,-950725.6859128,-12935.292245194327,-62.188905024972726
1,initial,3,-950725.68612507,-12935.292248082409,-62.18890503885773
1,initial,4,-950725.68606179,-12935.29224722144,-62.18890503471846
1,initial,5,-950725.68607119,-12935.292247349335,-62.18890503533334
1,initial,6,-950725.68609024,-12935.292247608524,-62.18890503657944
1,initial,7,-950725.68607281,-12935.292247371375,-62.188905035439305
1,initial,8,-950725.68607512,-12935.292247402806,-62.18890503559041
