n_opt,type,iteration,Energy (mRy),Energy (eV),Energy (eV/atom)
1,initial,0,-950725.8051155,-12935.293867030976,-62.18891282226431
1,initial,1,-950725.80466075,-12935.293860843782,-62.18891279251818
1,initial,2,-950725.80454002,-12935.293859201165,-62.18891278462099
1,initial,3,-950725.80468943,-12935.293861233995,-62.188912794394206
1,initial,4,-950725.8046708,-12935.29386098052,-62.18891279317558
1,initial,5,-950725.80466493,-12935.293860900654,-62.188912792791605
1,initial,6,-950725.80469003,-12935.293861242159,-62.188912794433456
1,initial,7,-950725.8046697,-12935.293860965554,-62.188912793103626
1,initial,8,-950725.80467343,-12935.293861016304,-62.18891279334761
